sale_id,date,product_id,quantity
S00001,2026-08-21,P002,1
S00002,2026-07-06,P004,2
S00003,2026-06-18,P002,5
S00004,2026-06-12,P010,4
S00005,2026-06-05,P001,1
S00006,2026-06-28,P004,5
S00007,2026-08-17,P001,5
S00008,2026-06-26,P009,4
S00009,2026-06-29,P008,5
S00010,2026-07-06,P001,2
S00011,2026-08-29,P007,3
S00012,2026-07-06,P003,2
S00013,2026-07-14,P002,1
S00014,2026-07-19,P002,3
S00015,2026-07-15,P010,3
S00016,2026-06-06,P008,5
S00017,2026-06-16,P007,1
S00018,2026-08-10,P005,5
S00019,2026-07-17,P010,2
S00020,2026-06-09,P001,2
S00021,2026-07-08,P002,2
S00022,2026-06-13,P007,3
S00023,2026-07-29,P006,2
S00024,2026-07-18,P006,2
S00025,2026-08-25,P005,1
S00026,2026-08-17,P003,5
S00027,2026-07-02,P003,4
S00028,2026-07-19,P005,5
S00029,2026-06-29,P006,1
S00030,2026-06-30,P001,3
S00031,2026-07-22,P005,1
S00032,2026-06-28,P010,3
S00033,2026-06-28,P008,4
S00034,2026-08-22,P008,2
S00035,2026-07-04,P003,2
S00036,2026-08-11,P009,3
S00037,2026-08-14,P007,5
S00038,2026-07-22,P006,2
S00039,2026-06-18,P009,4
S00040,2026-06-12,P001,1
S00041,2026-06-20,P003,4
S00042,2026-08-16,P002,4
S00043,2026-07-19,P010,4
S00044,2026-08-07,P005,5
S00045,2026-06-02,P002,5
S00046,2026-07-05,P006,1
S00047,2026-07-08,P007,2
S00048,2026-07-29,P001,3
S00049,2026-08-04,P003,5
S00050,2026-06-14,P005,5
S00051,2026-08-17,P004,2
S00052,2026-07-18,P003,5
S00053,2026-08-07,P001,5
S00054,2026-07-12,P008,1
S00055,2026-06-15,P006,3
S00056,2026-07-01,P001,2
S00057,2026-08-12,P002,1
S00058,2026-08-02,P002,5
S00059,2026-06-17,P003,4
S00060,2026-08-10,P003,3
S00061,2026-08-07,P010,4
S00062,2026-06-28,P009,2
S00063,2026-07-10,P007,3
S00064,2026-07-27,P009,4
S00065,2026-06-16,P004,2
S00066,2026-06-09,P006,1
S00067,2026-08-15,P009,2
S00068,2026-08-15,P004,1
S00069,2026-06-10,P001,2
S00070,2026-06-09,P001,3
S00071,2026-06-10,P009,2
S00072,2026-07-06,P008,2
S00073,2026-08-09,P003,5
S00074,2026-08-13,P008,2
S00075,2026-07-31,P007,2
S00076,2026-06-13,P002,4
S00077,2026-07-16,P007,4
S00078,2026-07-30,P001,1
S00079,2026-06-08,P007,3
S00080,2026-06-14,P004,2
S00081,2026-06-25,P009,4
S00082,2026-06-18,P007,2
S00083,2026-07-06,P008,2
S00084,2026-06-10,P008,5
S00085,2026-06-13,P001,5
S00086,2026-06-02,P002,2
S00087,2026-06-22,P007,4
S00088,2026-08-01,P004,4
S00089,2026-06-08,P003,4
S00090,2026-06-01,P007,3
S00091,2026-07-29,P005,4
S00092,2026-08-29,P009,4
S00093,2026-06-20,P004,3
S00094,2026-06-28,P001,5
S00095,2026-08-09,P001,3
S00096,2026-06-08,P001,5
S00097,2026-08-01,P009,5
S00098,2026-06-21,P001,5
S00099,2026-06-11,P003,1
S00100,2026-08-16,P002,2
S00101,2026-07-22,P002,5
S00102,2026-07-02,P010,5
S00103,2026-06-06,P010,1
S00104,2026-07-24,P010,5
S00105,2026-08-06,P006,3
S00106,2026-06-27,P006,2
S00107,2026-07-04,P007,2
S00108,2026-08-25,P005,4
S00109,2026-07-11,P002,1
S00110,2026-07-29,P010,5
S00111,2026-06-13,P002,5
S00112,2026-06-28,P009,3
S00113,2026-06-17,P006,1
S00114,2026-07-02,P006,3
S00115,2026-06-21,P008,5
S00116,2026-07-09,P010,5
S00117,2026-06-02,P009,3
S00118,2026-08-24,P002,2
S00119,2026-07-04,P002,1
S00120,2026-08-10,P003,3
S00121,2026-07-07,P010,2
S00122,2026-07-14,P004,3
S00123,2026-08-04,P008,3
S00124,2026-06-07,P002,4
S00125,2026-07-06,P001,1
S00126,2026-07-13,P003,3
S00127,2026-06-21,P008,5
S00128,2026-07-25,P009,1
S00129,2026-06-15,P002,2
S00130,2026-08-09,P001,3
S00131,2026-08-14,P009,2
S00132,2026-07-26,P003,1
S00133,2026-07-10,P006,1
S00134,2026-07-16,P004,2
S00135,2026-08-25,P002,3
S00136,2026-08-11,P007,5
S00137,2026-06-20,P004,2
S00138,2026-06-23,P007,1
S00139,2026-06-23,P006,4
S00140,2026-08-25,P004,3
S00141,2026-06-21,P002,4
S00142,2026-06-05,P008,2
S00143,2026-06-26,P008,3
S00144,2026-07-10,P004,2
S00145,2026-06-04,P004,4
S00146,2026-07-13,P005,1
S00147,2026-07-06,P006,5
S00148,2026-07-22,P009,3
S00149,2026-06-04,P002,3
S00150,2026-06-23,P010,3
S00151,2026-06-05,P002,5
S00152,2026-07-26,P006,3
S00153,2026-07-26,P010,5
S00154,2026-06-15,P007,5
S00155,2026-06-25,P005,1
S00156,2026-07-26,P001,5
S00157,2026-08-08,P004,3
S00158,2026-07-26,P002,3
S00159,2026-08-19,P006,1
S00160,2026-07-09,P009,3
S00161,2026-08-25,P007,3
S00162,2026-07-22,P005,5
S00163,2026-06-17,P004,4
S00164,2026-08-25,P007,2
S00165,2026-08-18,P010,3
S00166,2026-07-22,P009,1
S00167,2026-07-09,P005,2
S00168,2026-07-26,P010,5
S00169,2026-08-23,P006,4
S00170,2026-07-27,P008,2
S00171,2026-08-05,P008,2
S00172,2026-08-24,P002,3
S00173,2026-08-05,P010,3
S00174,2026-06-12,P004,3
S00175,2026-06-29,P004,2
S00176,2026-06-04,P001,2
S00177,2026-07-31,P010,1
S00178,2026-07-29,P007,5
S00179,2026-06-25,P007,4
S00180,2026-07-22,P004,2
S00181,2026-08-23,P001,1
S00182,2026-07-25,P004,2
S00183,2026-08-29,P009,4
S00184,2026-06-07,P009,2
S00185,2026-06-16,P008,2
S00186,2026-07-30,P009,5
S00187,2026-08-16,P006,4
S00188,2026-08-18,P009,4
S00189,2026-08-10,P008,2
S00190,2026-07-31,P008,3
S00191,2026-07-02,P005,5
S00192,2026-08-02,P004,3
S00193,2026-07-27,P002,3
S00194,2026-07-01,P005,3
S00195,2026-07-11,P009,1
S00196,2026-06-18,P003,2
S00197,2026-07-20,P003,2
S00198,2026-06-09,P007,4
S00199,2026-07-13,P009,4
S00200,2026-07-24,P001,2
S00201,2026-07-24,P007,5
S00202,2026-08-29,P001,5
S00203,2026-07-19,P008,1
S00204,2026-07-16,P005,4
S00205,2026-07-24,P009,5
S00206,2026-08-17,P004,4
S00207,2026-06-29,P005,4
S00208,2026-08-02,P001,4
S00209,2026-07-14,P007,2
S00210,2026-07-30,P003,5
S00211,2026-08-08,P001,4
S00212,2026-08-15,P010,1
S00213,2026-06-11,P007,2
S00214,2026-07-30,P003,1
S00215,2026-07-04,P007,3
S00216,2026-06-28,P008,3
S00217,2026-07-14,P007,3
S00218,2026-07-24,P005,1
S00219,2026-07-31,P001,5
S00220,2026-06-07,P006,2
S00221,2026-08-23,P002,1
S00222,2026-06-04,P004,2
S00223,2026-06-03,P010,2
S00224,2026-07-01,P003,4
S00225,2026-08-25,P002,5
S00226,2026-06-28,P008,3
S00227,2026-07-18,P003,5
S00228,2026-08-17,P002,2
S00229,2026-07-10,P002,5
S00230,2026-06-04,P005,5
S00231,2026-08-26,P007,4
S00232,2026-06-26,P002,5
S00233,2026-08-28,P004,1
S00234,2026-08-29,P005,5
S00235,2026-06-16,P010,1
S00236,2026-07-15,P009,4
S00237,2026-08-24,P006,1
S00238,2026-08-04,P006,1
S00239,2026-07-24,P008,1
S00240,2026-07-26,P006,4
S00241,2026-06-20,P007,2
S00242,2026-08-06,P005,5
S00243,2026-08-08,P008,4
S00244,2026-07-26,P010,3
S00245,2026-07-12,P004,1
S00246,2026-07-06,P008,2
S00247,2026-07-30,P010,5
S00248,2026-08-25,P007,3
S00249,2026-06-04,P008,3
S00250,2026-06-24,P008,2
S00251,2026-07-16,P005,3
S00252,2026-07-06,P010,3
S00253,2026-08-11,P001,5
S00254,2026-06-25,P002,2
S00255,2026-07-23,P008,5
S00256,2026-07-01,P008,4
S00257,2026-07-28,P001,1
S00258,2026-07-08,P004,4
S00259,2026-08-28,P004,3
S00260,2026-08-24,P010,3
S00261,2026-07-31,P009,5
S00262,2026-07-15,P007,5
S00263,2026-07-13,P006,4
S00264,2026-07-05,P005,3
S00265,2026-06-30,P002,2
S00266,2026-07-11,P002,5
S00267,2026-08-28,P003,2
S00268,2026-06-28,P008,3
S00269,2026-08-15,P009,5
S00270,2026-07-07,P002,2
S00271,2026-07-08,P004,3
S00272,2026-06-23,P005,1
S00273,2026-08-08,P003,3
S00274,2026-06-06,P001,5
S00275,2026-07-08,P003,4
S00276,2026-06-14,P001,5
S00277,2026-07-07,P008,4
S00278,2026-07-27,P006,2
S00279,2026-06-07,P005,4
S00280,2026-06-15,P002,4
S00281,2026-08-02,P002,5
S00282,2026-08-20,P001,2
S00283,2026-06-20,P010,3
S00284,2026-06-11,P004,1
S00285,2026-08-11,P007,5
S00286,2026-08-16,P010,2
S00287,2026-08-06,P007,4
S00288,2026-07-27,P005,5
S00289,2026-07-25,P005,5
S00290,2026-08-19,P001,5
S00291,2026-06-13,P004,2
S00292,2026-07-04,P002,2
S00293,2026-07-01,P003,5
S00294,2026-06-10,P003,1
S00295,2026-07-23,P008,5
S00296,2026-07-31,P005,1
S00297,2026-06-30,P005,3
S00298,2026-08-29,P008,1
S00299,2026-08-27,P004,3
S00300,2026-08-20,P010,2
S00301,2026-07-25,P002,5
S00302,2026-06-29,P003,3
S00303,2026-06-19,P002,1
S00304,2026-06-22,P005,5
S00305,2026-08-12,P005,4
S00306,2026-06-16,P008,3
S00307,2026-08-29,P007,3
S00308,2026-08-04,P009,4
S00309,2026-07-27,P002,5
S00310,2026-06-06,P007,3
S00311,2026-08-17,P005,1
S00312,2026-06-12,P004,5
S00313,2026-08-15,P001,3
S00314,2026-08-13,P001,2
S00315,2026-07-31,P009,4
S00316,2026-07-06,P003,5
S00317,2026-07-26,P008,1
S00318,2026-07-31,P006,4
S00319,2026-07-13,P006,1
S00320,2026-06-21,P006,4
S00321,2026-08-28,P008,3
S00322,2026-08-24,P007,5
S00323,2026-06-05,P008,1
S00324,2026-07-11,P005,3
S00325,2026-06-15,P007,5
S00326,2026-06-01,P009,4
S00327,2026-07-23,P001,2
S00328,2026-08-06,P006,5
S00329,2026-08-03,P008,1
S00330,2026-06-27,P005,5
S00331,2026-06-17,P005,4
S00332,2026-08-29,P008,1
S00333,2026-06-04,P010,2
S00334,2026-06-21,P005,5
S00335,2026-06-02,P009,4
S00336,2026-06-12,P004,1
S00337,2026-07-30,P002,2
S00338,2026-08-03,P005,5
S00339,2026-07-05,P007,4
S00340,2026-07-31,P004,4
S00341,2026-08-10,P003,4
S00342,2026-06-25,P010,5
S00343,2026-06-18,P002,3
S00344,2026-07-24,P006,5
S00345,2026-07-05,P001,3
S00346,2026-07-09,P010,5
S00347,2026-08-24,P008,2
S00348,2026-07-28,P009,4
S00349,2026-07-15,P006,5
S00350,2026-08-09,P007,4
S00351,2026-07-12,P004,2
S00352,2026-08-13,P007,2
S00353,2026-07-23,P001,3
S00354,2026-07-31,P007,4
S00355,2026-08-24,P003,4
S00356,2026-06-05,P003,5
S00357,2026-08-15,P006,1
S00358,2026-07-27,P002,5
S00359,2026-07-29,P001,2
S00360,2026-07-23,P003,1
S00361,2026-07-31,P005,3
S00362,2026-08-19,P007,1
S00363,2026-07-13,P009,4
S00364,2026-07-11,P008,5
S00365,2026-06-05,P010,1
S00366,2026-07-01,P005,2
S00367,2026-06-12,P007,1
S00368,2026-08-21,P002,4
S00369,2026-06-22,P005,1
S00370,2026-06-06,P006,1
S00371,2026-07-08,P006,3
S00372,2026-07-26,P003,2
S00373,2026-08-07,P007,5
S00374,2026-08-27,P003,2
S00375,2026-06-23,P002,5
S00376,2026-07-19,P010,2
S00377,2026-08-03,P010,2
S00378,2026-06-30,P008,3
S00379,2026-07-29,P005,1
S00380,2026-07-30,P005,5
S00381,2026-06-21,P002,4
S00382,2026-07-15,P010,3
S00383,2026-08-21,P007,3
S00384,2026-07-29,P005,2
S00385,2026-07-20,P008,1
S00386,2026-07-01,P007,5
S00387,2026-07-16,P010,3
S00388,2026-08-29,P005,1
S00389,2026-08-24,P007,3
S00390,2026-06-02,P010,1
S00391,2026-08-17,P008,3
S00392,2026-06-30,P010,3
S00393,2026-06-29,P004,5
S00394,2026-07-03,P003,1
S00395,2026-08-20,P001,3
S00396,2026-07-27,P001,5
S00397,2026-07-17,P003,1
S00398,2026-07-08,P006,4
S00399,2026-06-23,P004,2
S00400,2026-08-09,P006,5
S00401,2026-08-04,P005,2
S00402,2026-07-03,P008,3
S00403,2026-07-14,P002,4
S00404,2026-06-10,P003,2
S00405,2026-08-26,P007,5
S00406,2026-07-17,P002,4
S00407,2026-06-02,P005,5
S00408,2026-06-16,P008,3
S00409,2026-08-26,P005,5
S00410,2026-07-19,P006,1
S00411,2026-08-26,P004,4
S00412,2026-06-04,P010,5
S00413,2026-07-12,P010,2
S00414,2026-08-22,P002,4
S00415,2026-08-29,P005,4
S00416,2026-06-15,P003,1
S00417,2026-06-05,P005,4
S00418,2026-06-15,P002,2
S00419,2026-08-08,P003,4
S00420,2026-07-29,P006,5
S00421,2026-07-24,P010,2
S00422,2026-07-24,P002,4
S00423,2026-08-18,P007,3
S00424,2026-06-05,P006,2
S00425,2026-07-27,P008,2
S00426,2026-07-17,P002,3
S00427,2026-08-09,P006,1
S00428,2026-07-21,P005,2
S00429,2026-06-16,P008,1
S00430,2026-08-24,P004,5
S00431,2026-06-03,P001,3
S00432,2026-07-02,P003,5
S00433,2026-06-27,P002,5
S00434,2026-06-27,P010,2
S00435,2026-06-30,P006,2
S00436,2026-08-16,P001,3
S00437,2026-06-19,P003,5
S00438,2026-07-03,P003,1
S00439,2026-08-24,P001,2
S00440,2026-06-02,P006,2
S00441,2026-08-15,P006,1
S00442,2026-06-23,P005,1
S00443,2026-06-17,P007,5
S00444,2026-06-15,P002,4
S00445,2026-07-28,P006,5
S00446,2026-08-15,P002,4
S00447,2026-08-04,P004,5
S00448,2026-06-06,P009,3
S00449,2026-07-29,P001,1
S00450,2026-08-01,P007,4
S00451,2026-08-27,P002,4
S00452,2026-07-27,P002,1
S00453,2026-07-12,P010,2
S00454,2026-06-09,P003,3
S00455,2026-08-19,P010,5
S00456,2026-07-12,P007,5
S00457,2026-08-07,P005,4
S00458,2026-08-04,P010,4
S00459,2026-06-13,P002,5
S00460,2026-06-28,P007,4
S00461,2026-06-30,P007,3
S00462,2026-07-29,P007,4
S00463,2026-06-13,P006,4
S00464,2026-07-11,P005,3
S00465,2026-06-20,P008,1
S00466,2026-06-12,P002,1
S00467,2026-07-26,P002,3
S00468,2026-06-17,P009,1
S00469,2026-08-15,P009,5
S00470,2026-07-13,P002,4
S00471,2026-07-16,P007,1
S00472,2026-07-07,P010,3
S00473,2026-07-16,P002,5
S00474,2026-08-04,P004,2
S00475,2026-08-24,P008,2
S00476,2026-06-14,P006,5
S00477,2026-07-18,P002,3
S00478,2026-08-13,P004,4
S00479,2026-08-11,P010,5
S00480,2026-08-26,P009,1
S00481,2026-08-17,P005,1
S00482,2026-06-24,P005,3
S00483,2026-07-14,P006,1
S00484,2026-06-24,P003,5
S00485,2026-08-24,P007,1
S00486,2026-06-19,P001,1
S00487,2026-08-07,P004,4
S00488,2026-07-24,P008,3
S00489,2026-06-21,P006,3
S00490,2026-07-12,P010,5
S00491,2026-06-11,P001,2
S00492,2026-06-21,P010,1
S00493,2026-08-26,P002,3
S00494,2026-07-27,P007,4
S00495,2026-08-17,P008,4
S00496,2026-07-05,P004,5
S00497,2026-06-15,P006,4
S00498,2026-06-15,P005,5
S00499,2026-08-02,P009,3
S00500,2026-06-06,P004,4
S00501,2026-08-16,P001,1
S00502,2026-06-27,P005,2
S00503,2026-06-18,P005,3
S00504,2026-07-12,P002,1
S00505,2026-08-03,P007,2
S00506,2026-06-17,P007,5
S00507,2026-06-30,P009,5
S00508,2026-08-25,P006,1
S00509,2026-07-21,P001,4
S00510,2026-06-03,P008,1
S00511,2026-07-11,P010,4
S00512,2026-08-13,P007,4
S00513,2026-07-08,P002,4
S00514,2026-06-03,P006,2
S00515,2026-08-19,P008,3
S00516,2026-06-12,P007,1
S00517,2026-07-02,P007,5
S00518,2026-07-22,P009,1
S00519,2026-07-21,P005,3
S00520,2026-06-29,P006,2
S00521,2026-06-10,P009,1
S00522,2026-08-07,P009,2
S00523,2026-07-15,P006,2
S00524,2026-07-01,P002,2
S00525,2026-07-03,P004,2
S00526,2026-08-17,P003,1
S00527,2026-06-23,P008,4
S00528,2026-08-12,P010,4
S00529,2026-08-27,P010,5
S00530,2026-07-12,P006,2
S00531,2026-07-27,P002,4
S00532,2026-07-27,P005,3
S00533,2026-08-15,P001,3
S00534,2026-08-04,P002,3
S00535,2026-07-30,P008,1
S00536,2026-06-08,P006,3
S00537,2026-06-10,P002,5
S00538,2026-08-16,P009,4
S00539,2026-07-30,P010,5
S00540,2026-06-06,P008,5
S00541,2026-08-23,P004,3
S00542,2026-08-17,P008,5
S00543,2026-06-20,P001,4
S00544,2026-06-14,P006,1
S00545,2026-08-04,P003,1
S00546,2026-07-02,P008,4
S00547,2026-08-07,P009,5
S00548,2026-06-21,P006,3
S00549,2026-07-07,P007,4
S00550,2026-07-14,P010,1
S00551,2026-08-20,P006,1
S00552,2026-07-13,P002,5
S00553,2026-08-26,P007,3
S00554,2026-07-03,P010,2
S00555,2026-07-13,P002,5
S00556,2026-08-24,P003,3
S00557,2026-07-10,P007,2
S00558,2026-08-16,P002,3
S00559,2026-08-11,P007,3
S00560,2026-06-17,P009,1
S00561,2026-08-22,P007,5
S00562,2026-07-17,P001,3
S00563,2026-07-10,P003,2
S00564,2026-07-14,P008,2
S00565,2026-06-29,P003,2
S00566,2026-06-10,P005,1
S00567,2026-08-04,P009,5
S00568,2026-06-05,P006,5
S00569,2026-06-17,P010,4
S00570,2026-06-20,P003,2
S00571,2026-08-28,P010,2
S00572,2026-07-27,P001,4
S00573,2026-07-17,P004,4
S00574,2026-08-18,P005,4
S00575,2026-06-30,P009,2
S00576,2026-07-10,P008,2
S00577,2026-07-18,P010,4
S00578,2026-07-30,P005,4
S00579,2026-08-04,P009,4
S00580,2026-06-21,P004,5
S00581,2026-06-18,P005,1
S00582,2026-08-22,P008,3
S00583,2026-08-10,P002,5
S00584,2026-06-16,P005,1
S00585,2026-06-21,P005,4
S00586,2026-08-05,P003,4
S00587,2026-06-12,P004,4
S00588,2026-07-15,P001,4
S00589,2026-06-07,P007,5
S00590,2026-07-18,P004,4
S00591,2026-06-11,P006,2
S00592,2026-06-04,P006,1
S00593,2026-08-23,P006,2
S00594,2026-06-18,P001,3
S00595,2026-07-31,P003,4
S00596,2026-07-28,P010,1
S00597,2026-06-11,P001,3
S00598,2026-06-28,P003,5
S00599,2026-08-17,P009,4
S00600,2026-06-15,P005,2
S00601,2026-07-09,P002,1
S00602,2026-07-01,P007,5
S00603,2026-07-29,P002,1
S00604,2026-08-03,P010,5
S00605,2026-06-03,P009,5
S00606,2026-07-01,P003,3
S00607,2026-07-25,P001,5
S00608,2026-07-16,P004,5
S00609,2026-07-24,P003,1
S00610,2026-08-07,P006,1
S00611,2026-08-07,P009,5
S00612,2026-08-04,P009,1
S00613,2026-07-20,P008,1
S00614,2026-08-21,P007,3
S00615,2026-07-03,P001,3
S00616,2026-06-09,P006,2
S00617,2026-08-24,P002,5
S00618,2026-07-13,P003,1
S00619,2026-07-16,P009,3
S00620,2026-08-22,P003,4
S00621,2026-08-29,P008,2
S00622,2026-06-18,P002,4
S00623,2026-06-05,P005,2
S00624,2026-06-06,P004,1
S00625,2026-07-11,P005,5
S00626,2026-07-21,P009,4
S00627,2026-07-03,P001,2
S00628,2026-07-07,P006,1
S00629,2026-08-23,P006,3
S00630,2026-06-16,P006,4
S00631,2026-07-22,P008,4
S00632,2026-07-14,P003,4
S00633,2026-08-28,P008,3
S00634,2026-08-06,P005,1
S00635,2026-07-25,P002,4
S00636,2026-08-17,P003,5
S00637,2026-07-08,P006,1
S00638,2026-06-11,P006,3
S00639,2026-07-10,P008,5
S00640,2026-07-25,P003,4
S00641,2026-07-15,P008,1
S00642,2026-07-16,P010,4
S00643,2026-07-06,P001,1
S00644,2026-08-25,P007,3
S00645,2026-08-05,P003,1
S00646,2026-06-19,P010,4
S00647,2026-06-05,P003,1
S00648,2026-07-01,P006,3
S00649,2026-07-20,P010,1
S00650,2026-08-17,P003,4
S00651,2026-07-18,P006,4
S00652,2026-06-10,P010,2
S00653,2026-08-07,P006,4
S00654,2026-07-11,P005,2
S00655,2026-06-15,P001,2
S00656,2026-08-03,P009,4
S00657,2026-08-11,P002,3
S00658,2026-07-04,P008,2
S00659,2026-08-18,P005,4
S00660,2026-06-26,P002,2
S00661,2026-06-10,P008,2
S00662,2026-07-27,P002,3
S00663,2026-08-25,P006,1
S00664,2026-08-10,P009,3
S00665,2026-07-09,P003,2
S00666,2026-07-17,P009,2
S00667,2026-06-16,P004,2
S00668,2026-07-01,P008,1
S00669,2026-07-17,P009,5
S00670,2026-07-18,P008,5
S00671,2026-06-17,P010,1
S00672,2026-06-09,P005,4
S00673,2026-08-01,P009,4
S00674,2026-07-23,P010,1
S00675,2026-06-17,P006,1
S00676,2026-07-28,P008,5
S00677,2026-07-15,P003,5
S00678,2026-08-21,P010,2
S00679,2026-06-17,P007,5
S00680,2026-06-08,P002,5
S00681,2026-06-20,P005,2
S00682,2026-06-21,P006,2
S00683,2026-07-15,P009,3
S00684,2026-06-11,P005,2
S00685,2026-08-21,P009,3
S00686,2026-06-17,P005,5
S00687,2026-08-08,P002,5
S00688,2026-08-22,P003,5
S00689,2026-08-14,P003,2
S00690,2026-08-24,P010,5
S00691,2026-07-14,P010,1
S00692,2026-06-04,P002,1
S00693,2026-08-22,P010,3
S00694,2026-08-23,P004,5
S00695,2026-07-24,P010,1
S00696,2026-08-03,P009,3
S00697,2026-08-22,P005,4
S00698,2026-07-02,P007,3
S00699,2026-07-29,P002,1
S00700,2026-06-21,P008,4
S00701,2026-08-01,P008,2
S00702,2026-07-14,P010,2
S00703,2026-07-11,P006,3
S00704,2026-07-22,P003,3
S00705,2026-08-05,P009,1
S00706,2026-07-11,P004,4
S00707,2026-06-16,P005,4
S00708,2026-07-02,P003,1
S00709,2026-06-07,P005,4
S00710,2026-08-18,P007,2
S00711,2026-06-21,P006,5
S00712,2026-07-11,P004,2
S00713,2026-08-03,P009,4
S00714,2026-08-03,P005,4
S00715,2026-06-03,P002,4
S00716,2026-08-04,P008,2
S00717,2026-06-28,P010,3
S00718,2026-06-07,P001,3
S00719,2026-08-03,P010,4
S00720,2026-07-07,P009,1
S00721,2026-06-14,P007,2
S00722,2026-07-04,P006,4
S00723,2026-07-17,P001,4
S00724,2026-06-07,P010,5
S00725,2026-06-25,P006,5
S00726,2026-07-07,P002,4
S00727,2026-08-04,P008,5
S00728,2026-07-06,P010,5
S00729,2026-06-16,P003,1
S00730,2026-07-21,P006,3
S00731,2026-08-11,P006,2
S00732,2026-06-26,P010,5
S00733,2026-07-22,P009,1
S00734,2026-06-06,P001,2
S00735,2026-07-13,P008,5
S00736,2026-07-29,P003,5
S00737,2026-08-05,P003,3
S00738,2026-08-18,P006,2
S00739,2026-07-21,P010,3
S00740,2026-08-15,P006,5
S00741,2026-08-05,P009,4
S00742,2026-08-12,P005,4
S00743,2026-06-03,P006,3
S00744,2026-08-26,P002,4
S00745,2026-08-14,P005,1
S00746,2026-08-16,P008,3
S00747,2026-08-23,P010,5
S00748,2026-06-30,P001,5
S00749,2026-08-01,P003,5
S00750,2026-08-20,P010,4
S00751,2026-06-19,P004,1
S00752,2026-08-13,P002,2
S00753,2026-06-03,P008,3
S00754,2026-07-24,P003,4
S00755,2026-08-28,P004,4
S00756,2026-08-04,P010,4
S00757,2026-06-08,P003,5
S00758,2026-06-27,P009,3
S00759,2026-08-24,P008,5
S00760,2026-07-19,P006,2
S00761,2026-07-29,P009,3
S00762,2026-08-09,P006,3
S00763,2026-08-18,P008,2
S00764,2026-07-02,P005,5
S00765,2026-07-09,P004,3
S00766,2026-07-07,P004,4
S00767,2026-07-11,P008,3
S00768,2026-08-11,P005,3
S00769,2026-06-16,P010,5
S00770,2026-07-19,P007,3
S00771,2026-06-19,P005,1
S00772,2026-07-07,P002,3
S00773,2026-07-27,P005,4
S00774,2026-06-28,P004,5
S00775,2026-07-05,P009,3
S00776,2026-06-18,P002,5
S00777,2026-08-15,P004,2
S00778,2026-06-07,P009,2
S00779,2026-08-21,P004,1
S00780,2026-06-13,P007,3
S00781,2026-07-31,P002,2
S00782,2026-06-01,P009,2
S00783,2026-07-23,P008,4
S00784,2026-08-23,P004,3
S00785,2026-07-12,P005,1
S00786,2026-06-12,P010,2
S00787,2026-08-08,P001,2
S00788,2026-07-24,P003,1
S00789,2026-07-21,P008,2
S00790,2026-07-08,P001,1
S00791,2026-07-09,P010,5
S00792,2026-06-14,P006,3
S00793,2026-07-29,P009,5
S00794,2026-08-03,P003,5
S00795,2026-07-30,P005,2
S00796,2026-06-15,P006,2
S00797,2026-07-29,P005,2
S00798,2026-06-02,P006,3
S00799,2026-08-12,P004,2
S00800,2026-08-18,P007,4
S00801,2026-08-05,P006,1
S00802,2026-07-22,P002,2
S00803,2026-06-18,P008,3
S00804,2026-07-02,P001,3
S00805,2026-07-20,P004,4
S00806,2026-07-05,P006,3
S00807,2026-08-14,P010,1
S00808,2026-07-04,P006,2
S00809,2026-06-08,P002,4
S00810,2026-07-10,P003,4
S00811,2026-08-27,P009,3
S00812,2026-08-28,P002,3
S00813,2026-07-18,P010,2
S00814,2026-06-29,P003,4
S00815,2026-06-20,P008,5
S00816,2026-07-18,P007,5
S00817,2026-07-31,P009,2
S00818,2026-07-02,P010,1
S00819,2026-08-07,P008,5
S00820,2026-07-17,P002,5
S00821,2026-06-15,P001,5
S00822,2026-08-04,P004,5
S00823,2026-08-08,P003,2
S00824,2026-07-12,P009,4
S00825,2026-06-15,P004,5
S00826,2026-08-02,P002,5
S00827,2026-07-28,P001,4
S00828,2026-06-17,P009,4
S00829,2026-07-29,P010,1
S00830,2026-08-11,P008,3
S00831,2026-06-03,P007,3
S00832,2026-06-01,P004,5
S00833,2026-06-10,P001,4
S00834,2026-07-15,P002,5
S00835,2026-06-08,P002,4
S00836,2026-06-05,P005,4
S00837,2026-06-24,P003,4
S00838,2026-07-18,P007,4
S00839,2026-07-19,P007,1
S00840,2026-08-27,P009,2
S00841,2026-08-23,P006,1
S00842,2026-06-23,P009,4
S00843,2026-08-07,P003,2
S00844,2026-06-01,P001,3
S00845,2026-07-30,P009,4
S00846,2026-08-08,P007,2
S00847,2026-07-02,P008,3
S00848,2026-06-20,P005,2
S00849,2026-06-15,P001,4
S00850,2026-08-18,P001,2
S00851,2026-06-27,P002,1
S00852,2026-08-16,P001,4
S00853,2026-08-16,P001,2
S00854,2026-06-06,P007,4
S00855,2026-06-30,P009,2
S00856,2026-06-08,P003,5
S00857,2026-07-08,P004,5
S00858,2026-07-11,P010,5
S00859,2026-08-26,P006,2
S00860,2026-07-09,P003,5
S00861,2026-06-29,P007,3
S00862,2026-07-06,P001,5
S00863,2026-08-15,P003,4
S00864,2026-08-11,P008,1
S00865,2026-07-15,P007,5
S00866,2026-07-11,P007,4
S00867,2026-06-20,P005,4
S00868,2026-06-24,P009,4
S00869,2026-07-01,P004,3
S00870,2026-06-19,P008,1
S00871,2026-08-11,P007,4
S00872,2026-08-11,P009,2
S00873,2026-07-20,P004,3
S00874,2026-06-27,P006,1
S00875,2026-07-28,P006,1
S00876,2026-08-08,P004,1
S00877,2026-07-05,P007,5
S00878,2026-08-17,P001,1
S00879,2026-06-25,P010,5
S00880,2026-06-28,P008,2
S00881,2026-07-13,P005,1
S00882,2026-06-28,P004,1
S00883,2026-08-01,P004,5
S00884,2026-06-27,P007,2
S00885,2026-08-10,P006,3
S00886,2026-07-19,P008,5
S00887,2026-08-23,P006,3
S00888,2026-07-04,P006,5
S00889,2026-08-03,P008,1
S00890,2026-07-31,P006,2
S00891,2026-07-18,P006,4
S00892,2026-06-06,P010,2
S00893,2026-06-19,P001,3
S00894,2026-08-10,P010,5
S00895,2026-07-24,P005,2
S00896,2026-06-26,P006,2
S00897,2026-07-19,P010,2
S00898,2026-08-03,P009,3
S00899,2026-07-03,P008,4
S00900,2026-07-29,P003,3
S00901,2026-06-22,P003,5
S00902,2026-08-02,P003,5
S00903,2026-08-22,P001,5
S00904,2026-06-05,P002,1
S00905,2026-06-01,P007,2
S00906,2026-08-20,P004,1
S00907,2026-06-20,P001,2
S00908,2026-08-04,P008,3
S00909,2026-06-08,P010,5
S00910,2026-08-01,P008,1
S00911,2026-06-01,P009,5
S00912,2026-07-23,P001,1
S00913,2026-08-07,P005,5
S00914,2026-07-07,P001,5
S00915,2026-08-29,P007,2
S00916,2026-06-14,P002,5
S00917,2026-06-20,P004,2
S00918,2026-08-19,P009,3
S00919,2026-07-16,P005,4
S00920,2026-06-11,P006,4
S00921,2026-07-29,P010,2
S00922,2026-08-29,P004,3
S00923,2026-08-27,P002,1
S00924,2026-06-12,P007,4
S00925,2026-07-19,P009,4
S00926,2026-06-08,P001,2
S00927,2026-06-11,P008,4
S00928,2026-08-22,P006,5
S00929,2026-06-13,P009,1
S00930,2026-06-30,P004,5
S00931,2026-07-31,P005,1
S00932,2026-06-10,P005,5
S00933,2026-08-12,P001,2
S00934,2026-07-11,P001,2
S00935,2026-08-15,P003,4
S00936,2026-06-10,P005,2
S00937,2026-08-12,P004,5
S00938,2026-07-20,P009,3
S00939,2026-07-20,P003,1
S00940,2026-08-04,P006,1
S00941,2026-06-13,P007,2
S00942,2026-06-10,P006,5
S00943,2026-08-18,P010,4
S00944,2026-07-12,P001,3
S00945,2026-07-28,P008,2
S00946,2026-07-16,P009,4
S00947,2026-07-26,P003,5
S00948,2026-08-24,P007,1
S00949,2026-08-19,P005,2
S00950,2026-06-10,P002,3
S00951,2026-06-20,P007,2
S00952,2026-07-20,P006,3
S00953,2026-06-14,P002,1
S00954,2026-07-10,P008,3
S00955,2026-07-05,P002,2
S00956,2026-06-12,P003,4
S00957,2026-07-28,P009,5
S00958,2026-08-05,P007,1
S00959,2026-06-04,P002,3
S00960,2026-08-10,P002,5
S00961,2026-08-16,P006,4
S00962,2026-06-02,P005,4
S00963,2026-07-20,P002,5
S00964,2026-07-02,P010,5
S00965,2026-06-22,P007,2
S00966,2026-06-18,P005,3
S00967,2026-07-05,P008,2
S00968,2026-06-09,P003,4
S00969,2026-07-06,P007,3
S00970,2026-08-01,P002,3
S00971,2026-07-03,P004,4
S00972,2026-08-16,P010,2
S00973,2026-07-29,P002,2
S00974,2026-07-09,P001,4
S00975,2026-07-13,P010,4
S00976,2026-07-13,P008,3
S00977,2026-07-26,P010,2
S00978,2026-07-09,P006,5
S00979,2026-08-28,P004,4
S00980,2026-07-11,P003,4
S00981,2026-07-11,P005,4
S00982,2026-08-13,P004,3
S00983,2026-07-19,P005,4
S00984,2026-07-17,P002,5
S00985,2026-06-26,P010,5
S00986,2026-06-24,P009,1
S00987,2026-07-30,P004,4
S00988,2026-07-08,P002,4
S00989,2026-08-26,P008,2
S00990,2026-08-21,P005,2
S00991,2026-07-03,P003,4
S00992,2026-07-19,P002,4
S00993,2026-08-16,P008,5
S00994,2026-07-22,P009,5
S00995,2026-08-28,P007,5
S00996,2026-06-05,P006,5
S00997,2026-08-16,P002,1
S00998,2026-07-02,P006,2
S00999,2026-08-22,P010,1
S01000,2026-08-12,P007,3
S01001,2026-07-26,P002,1
S01002,2026-06-13,P005,2
S01003,2026-08-05,P009,5
S01004,2026-08-14,P010,2
S01005,2026-07-28,P006,4
S01006,2026-07-30,P010,5
S01007,2026-06-20,P006,1
S01008,2026-08-01,P002,3
S01009,2026-07-24,P002,1
S01010,2026-06-19,P006,3
S01011,2026-07-14,P008,2
S01012,2026-08-06,P008,3
S01013,2026-07-31,P002,4
S01014,2026-08-29,P008,3
S01015,2026-06-09,P005,1
S01016,2026-06-15,P001,3
S01017,2026-08-22,P002,2
S01018,2026-07-02,P009,2
S01019,2026-08-10,P003,3
S01020,2026-08-11,P007,4
S01021,2026-06-30,P007,2
S01022,2026-06-24,P007,4
S01023,2026-06-04,P010,2
S01024,2026-07-28,P010,4
S01025,2026-07-20,P001,2
S01026,2026-06-27,P005,1
S01027,2026-08-13,P002,5
S01028,2026-06-24,P006,3
S01029,2026-06-26,P008,1
S01030,2026-07-04,P008,5
S01031,2026-08-21,P006,5
S01032,2026-07-20,P010,4
S01033,2026-08-15,P002,3
S01034,2026-07-16,P008,5
S01035,2026-06-23,P005,5
S01036,2026-08-15,P002,2
S01037,2026-07-11,P002,2
S01038,2026-07-10,P002,2
S01039,2026-07-18,P003,5
S01040,2026-07-20,P007,5
S01041,2026-06-18,P010,4
S01042,2026-07-25,P003,4
S01043,2026-08-21,P009,2
S01044,2026-08-11,P003,4
S01045,2026-07-07,P003,2
S01046,2026-07-11,P008,5
S01047,2026-06-07,P006,1
S01048,2026-08-02,P003,2
S01049,2026-07-20,P009,5
S01050,2026-08-23,P008,4
S01051,2026-08-27,P008,4
S01052,2026-07-27,P008,2
S01053,2026-06-11,P010,1
S01054,2026-06-29,P005,1
S01055,2026-07-06,P004,5
S01056,2026-07-07,P003,4
S01057,2026-08-12,P008,5
S01058,2026-08-05,P002,5
S01059,2026-06-15,P005,5
S01060,2026-07-17,P009,1
S01061,2026-07-27,P009,2
S01062,2026-07-25,P002,2
S01063,2026-07-09,P001,4
S01064,2026-07-04,P006,1
S01065,2026-07-27,P002,2
S01066,2026-06-27,P010,3
S01067,2026-08-18,P007,2
S01068,2026-08-18,P003,2
S01069,2026-06-27,P001,5
S01070,2026-07-15,P009,3
S01071,2026-08-16,P009,2
S01072,2026-07-12,P005,3
S01073,2026-08-13,P005,5
S01074,2026-08-26,P002,2
S01075,2026-07-23,P001,3
S01076,2026-08-23,P003,2
S01077,2026-07-02,P003,3
S01078,2026-07-02,P007,4
S01079,2026-06-19,P010,3
S01080,2026-08-20,P007,4
S01081,2026-07-28,P002,1
S01082,2026-07-22,P009,3
S01083,2026-08-28,P006,4
S01084,2026-08-02,P006,5
S01085,2026-06-01,P002,4
S01086,2026-08-21,P006,1
S01087,2026-08-08,P007,2
S01088,2026-07-25,P004,4
S01089,2026-07-05,P006,3
S01090,2026-07-14,P009,5
S01091,2026-06-17,P010,4
S01092,2026-07-14,P001,1
S01093,2026-06-13,P008,1
S01094,2026-06-16,P003,4
S01095,2026-07-29,P001,4
S01096,2026-06-26,P003,3
S01097,2026-06-21,P005,1
S01098,2026-08-23,P006,3
S01099,2026-06-11,P006,2
S01100,2026-06-07,P007,3
S01101,2026-08-29,P004,4
S01102,2026-08-23,P002,1
S01103,2026-06-01,P004,4
S01104,2026-06-10,P003,5
S01105,2026-06-29,P009,4
S01106,2026-06-02,P001,3
S01107,2026-06-16,P007,2
S01108,2026-08-01,P002,2
S01109,2026-07-20,P002,1
S01110,2026-06-14,P006,3
S01111,2026-07-09,P003,4
S01112,2026-06-18,P003,1
S01113,2026-08-07,P010,1
S01114,2026-08-18,P003,4
S01115,2026-07-15,P004,2
S01116,2026-07-23,P010,4
S01117,2026-06-28,P002,1
S01118,2026-06-18,P002,5
S01119,2026-07-20,P006,4
S01120,2026-07-11,P003,2
S01121,2026-07-06,P002,2
S01122,2026-08-10,P010,5
S01123,2026-08-17,P005,1
S01124,2026-08-24,P005,2
S01125,2026-08-06,P010,5
S01126,2026-06-25,P007,3
S01127,2026-08-22,P001,2
S01128,2026-08-03,P007,1
S01129,2026-07-01,P008,5
S01130,2026-06-10,P009,1
S01131,2026-07-17,P006,2
S01132,2026-07-20,P010,4
S01133,2026-07-17,P009,2
S01134,2026-07-31,P002,1
S01135,2026-08-15,P002,1
S01136,2026-07-04,P004,1
S01137,2026-06-08,P007,5
S01138,2026-07-07,P009,4
S01139,2026-07-25,P007,1
S01140,2026-08-21,P009,5
S01141,2026-08-18,P003,3
S01142,2026-06-11,P005,1
S01143,2026-08-05,P004,2
S01144,2026-08-08,P006,4
S01145,2026-08-15,P002,3
S01146,2026-08-29,P007,2
S01147,2026-06-08,P004,1
S01148,2026-07-26,P002,4
S01149,2026-08-18,P010,1
S01150,2026-07-10,P003,1
S01151,2026-06-02,P003,1
S01152,2026-06-21,P008,3
S01153,2026-08-06,P009,3
S01154,2026-06-22,P006,2
S01155,2026-07-05,P002,1
S01156,2026-07-13,P007,3
S01157,2026-08-07,P002,3
S01158,2026-08-13,P002,4
S01159,2026-07-29,P009,3
S01160,2026-06-08,P008,5
S01161,2026-06-22,P006,2
S01162,2026-07-03,P002,5
S01163,2026-08-26,P002,2
S01164,2026-08-05,P001,1
S01165,2026-06-02,P004,1
S01166,2026-07-31,P006,4
S01167,2026-06-20,P003,1
S01168,2026-08-10,P007,2
S01169,2026-07-12,P004,4
S01170,2026-07-11,P005,1
S01171,2026-08-13,P006,1
S01172,2026-08-04,P001,2
S01173,2026-06-29,P009,1
S01174,2026-07-22,P002,4
S01175,2026-07-07,P005,3
S01176,2026-06-12,P009,4
S01177,2026-06-02,P006,2
S01178,2026-07-08,P010,3
S01179,2026-08-19,P004,4
S01180,2026-07-18,P010,4
S01181,2026-06-26,P009,2
S01182,2026-06-20,P001,4
S01183,2026-06-04,P004,5
S01184,2026-07-15,P001,3
S01185,2026-06-01,P007,3
S01186,2026-06-14,P004,5
S01187,2026-07-01,P007,4
S01188,2026-06-08,P003,3
S01189,2026-06-12,P001,2
S01190,2026-08-06,P007,3
S01191,2026-07-29,P002,5
S01192,2026-06-13,P009,2
S01193,2026-08-21,P007,1
S01194,2026-08-15,P010,1
S01195,2026-07-26,P003,2
S01196,2026-07-08,P005,3
S01197,2026-07-21,P006,3
S01198,2026-07-28,P005,2
S01199,2026-06-10,P004,2
S01200,2026-08-14,P002,2
S01201,2026-06-14,P003,4
S01202,2026-07-30,P006,4
S01203,2026-06-16,P009,3
S01204,2026-06-27,P008,3
S01205,2026-07-30,P005,1
S01206,2026-06-12,P003,3
S01207,2026-08-29,P010,1
S01208,2026-06-28,P006,2
S01209,2026-06-12,P004,3
S01210,2026-07-21,P009,1
S01211,2026-08-26,P005,3
S01212,2026-06-23,P001,4
S01213,2026-07-28,P009,5
S01214,2026-07-02,P002,4
S01215,2026-06-14,P003,1
S01216,2026-06-02,P001,2
S01217,2026-06-17,P004,4
S01218,2026-07-18,P002,5
S01219,2026-08-15,P005,1
S01220,2026-06-03,P002,2
S01221,2026-08-22,P008,2
S01222,2026-06-12,P006,1
S01223,2026-06-06,P008,1
S01224,2026-06-22,P010,4
S01225,2026-07-21,P008,1
S01226,2026-07-19,P007,2
S01227,2026-07-16,P004,2
S01228,2026-07-06,P005,4
S01229,2026-06-20,P001,5
S01230,2026-08-19,P010,2
S01231,2026-08-22,P005,4
S01232,2026-07-23,P009,4
S01233,2026-06-08,P002,3
S01234,2026-07-20,P003,4
S01235,2026-06-26,P009,2
S01236,2026-08-20,P009,1
S01237,2026-07-19,P006,4
S01238,2026-08-09,P008,3
S01239,2026-08-12,P009,3
S01240,2026-07-20,P005,2
S01241,2026-06-04,P006,5
S01242,2026-06-29,P001,3
S01243,2026-06-08,P008,5
S01244,2026-07-16,P010,2
S01245,2026-06-21,P002,2
S01246,2026-08-24,P004,3
S01247,2026-08-08,P001,2
S01248,2026-08-13,P007,3
S01249,2026-06-23,P003,2
S01250,2026-08-15,P006,3
S01251,2026-08-15,P001,3
S01252,2026-08-12,P010,2
S01253,2026-08-12,P004,4
S01254,2026-08-09,P005,2
S01255,2026-08-02,P001,1
S01256,2026-06-08,P004,5
S01257,2026-06-29,P001,5
S01258,2026-08-01,P001,3
S01259,2026-08-18,P004,2
S01260,2026-07-14,P003,3
S01261,2026-06-08,P001,2
S01262,2026-08-15,P003,1
S01263,2026-08-07,P006,1
S01264,2026-07-18,P007,5
S01265,2026-06-13,P006,3
S01266,2026-07-12,P003,2
S01267,2026-07-26,P008,3
S01268,2026-06-23,P009,5
S01269,2026-07-16,P004,5
S01270,2026-06-23,P007,3
S01271,2026-08-28,P005,2
S01272,2026-06-23,P001,5
S01273,2026-07-21,P010,1
S01274,2026-06-24,P010,3
S01275,2026-08-18,P004,5
S01276,2026-06-14,P008,2
S01277,2026-07-13,P002,2
S01278,2026-07-15,P006,2
S01279,2026-08-21,P002,3
S01280,2026-07-28,P001,3
S01281,2026-06-27,P004,1
S01282,2026-07-15,P005,1
S01283,2026-06-01,P001,4
S01284,2026-07-27,P007,2
S01285,2026-07-23,P008,4
S01286,2026-07-15,P009,4
S01287,2026-06-13,P008,5
S01288,2026-08-23,P004,2
S01289,2026-07-28,P002,1
S01290,2026-07-08,P001,3
S01291,2026-07-04,P002,1
S01292,2026-07-14,P003,4
S01293,2026-06-21,P002,5
S01294,2026-06-12,P006,5
S01295,2026-08-18,P008,1
S01296,2026-07-26,P003,5
S01297,2026-07-26,P003,1
S01298,2026-06-13,P006,2
S01299,2026-06-25,P007,5
S01300,2026-08-09,P005,3
S01301,2026-07-09,P004,1
S01302,2026-06-07,P007,5
S01303,2026-08-10,P008,2
S01304,2026-06-07,P006,1
S01305,2026-07-25,P002,3
S01306,2026-08-24,P010,4
S01307,2026-06-26,P002,1
S01308,2026-06-27,P003,3
S01309,2026-06-11,P008,1
S01310,2026-07-10,P007,4
S01311,2026-08-02,P005,1
S01312,2026-08-22,P009,4
S01313,2026-06-24,P006,4
S01314,2026-07-18,P003,4
S01315,2026-06-06,P005,4
S01316,2026-07-30,P005,2
S01317,2026-07-05,P010,1
S01318,2026-06-20,P002,1
S01319,2026-08-25,P006,5
S01320,2026-07-23,P010,2
S01321,2026-08-10,P001,4
S01322,2026-08-06,P007,5
S01323,2026-08-27,P008,5
S01324,2026-07-01,P008,3
S01325,2026-06-11,P007,1
S01326,2026-08-04,P010,5
S01327,2026-08-13,P010,2
S01328,2026-06-16,P008,2
S01329,2026-06-22,P004,2
S01330,2026-06-17,P001,4
S01331,2026-06-11,P007,2
S01332,2026-08-20,P003,5
S01333,2026-07-04,P006,1
S01334,2026-06-12,P007,5
S01335,2026-07-21,P009,3
S01336,2026-07-06,P009,4
S01337,2026-06-02,P010,5
S01338,2026-08-06,P007,1
S01339,2026-07-24,P003,2
S01340,2026-08-12,P010,5
S01341,2026-06-13,P002,5
S01342,2026-06-13,P005,5
S01343,2026-07-15,P007,3
S01344,2026-07-20,P008,5
S01345,2026-08-17,P008,1
S01346,2026-06-23,P005,4
S01347,2026-06-19,P010,5
S01348,2026-08-27,P007,1
S01349,2026-07-21,P006,2
S01350,2026-06-07,P008,3
S01351,2026-07-18,P001,3
S01352,2026-07-09,P005,3
S01353,2026-08-02,P002,2
S01354,2026-06-18,P005,4
S01355,2026-07-12,P005,4
S01356,2026-08-17,P002,2
S01357,2026-07-27,P004,4
S01358,2026-08-02,P009,3
S01359,2026-06-08,P009,2
S01360,2026-06-09,P005,5
S01361,2026-07-22,P003,5
S01362,2026-08-12,P001,2
S01363,2026-06-25,P004,1
S01364,2026-07-02,P001,4
S01365,2026-06-07,P006,2
S01366,2026-07-06,P006,4
S01367,2026-08-04,P007,1
S01368,2026-08-27,P001,2
S01369,2026-07-18,P008,5
S01370,2026-07-28,P003,4
S01371,2026-08-15,P009,3
S01372,2026-07-15,P003,3
S01373,2026-08-28,P002,3
S01374,2026-06-04,P007,1
S01375,2026-06-21,P010,2
S01376,2026-06-29,P004,2
S01377,2026-07-05,P007,5
S01378,2026-06-03,P001,4
S01379,2026-06-17,P003,5
S01380,2026-06-02,P004,3
S01381,2026-08-17,P005,3
S01382,2026-07-25,P007,3
S01383,2026-07-29,P005,2
S01384,2026-07-30,P005,5
S01385,2026-08-19,P007,5
S01386,2026-06-14,P001,5
S01387,2026-08-24,P006,5
S01388,2026-08-22,P010,5
S01389,2026-07-07,P005,1
S01390,2026-08-01,P002,3
S01391,2026-07-06,P006,3
S01392,2026-07-04,P005,2
S01393,2026-06-20,P009,2
S01394,2026-06-08,P010,4
S01395,2026-08-24,P006,2
S01396,2026-06-04,P008,3
S01397,2026-07-04,P007,4
S01398,2026-07-20,P001,5
S01399,2026-08-13,P004,3
S01400,2026-06-29,P009,4
S01401,2026-08-25,P006,5
S01402,2026-07-09,P003,5
S01403,2026-06-24,P005,1
S01404,2026-07-31,P003,3
S01405,2026-08-11,P003,3
S01406,2026-08-23,P002,2
S01407,2026-07-16,P004,3
S01408,2026-07-24,P006,3
S01409,2026-07-04,P010,3
S01410,2026-07-30,P002,4
S01411,2026-06-07,P010,5
S01412,2026-08-19,P002,4
S01413,2026-06-25,P009,1
S01414,2026-08-27,P007,5
S01415,2026-07-09,P007,1
S01416,2026-06-20,P003,2
S01417,2026-07-14,P007,5
S01418,2026-07-29,P003,3
S01419,2026-06-24,P002,4
S01420,2026-07-13,P003,3
S01421,2026-08-21,P001,1
S01422,2026-07-28,P005,2
S01423,2026-06-22,P010,2
S01424,2026-08-02,P002,2
S01425,2026-08-18,P007,4
S01426,2026-07-22,P007,4
S01427,2026-07-20,P001,1
S01428,2026-08-08,P004,3
S01429,2026-06-02,P006,5
S01430,2026-06-25,P001,1
S01431,2026-08-20,P004,2
S01432,2026-08-28,P006,3
S01433,2026-06-17,P002,4
S01434,2026-08-04,P010,3
S01435,2026-06-22,P002,1
S01436,2026-07-09,P005,4
S01437,2026-08-06,P010,5
S01438,2026-07-14,P007,2
S01439,2026-07-14,P008,3
S01440,2026-06-25,P003,4
S01441,2026-06-03,P004,2
S01442,2026-06-17,P004,1
S01443,2026-08-15,P009,2
S01444,2026-06-16,P006,1
S01445,2026-07-19,P005,5
S01446,2026-08-19,P001,5
S01447,2026-06-07,P002,1
S01448,2026-06-07,P002,4
S01449,2026-07-27,P007,1
S01450,2026-08-10,P005,4
S01451,2026-08-29,P003,2
S01452,2026-08-28,P001,3
S01453,2026-07-24,P002,5
S01454,2026-07-05,P010,5
S01455,2026-08-29,P003,4
S01456,2026-06-14,P009,5
S01457,2026-06-16,P005,1
S01458,2026-06-14,P008,2
S01459,2026-08-17,P004,3
S01460,2026-08-06,P004,3
S01461,2026-07-23,P005,2
S01462,2026-06-06,P009,4
S01463,2026-06-27,P008,3
S01464,2026-07-01,P001,1
S01465,2026-08-25,P002,1
S01466,2026-08-13,P008,2
S01467,2026-06-12,P009,1
S01468,2026-06-13,P005,2
S01469,2026-07-29,P005,3
S01470,2026-07-30,P001,1
S01471,2026-06-23,P001,3
S01472,2026-07-17,P006,4
S01473,2026-06-15,P002,1
S01474,2026-06-02,P003,2
S01475,2026-07-13,P006,4
S01476,2026-08-19,P005,1
S01477,2026-07-18,P006,2
S01478,2026-06-15,P007,4
S01479,2026-07-29,P005,4
S01480,2026-08-28,P008,4
S01481,2026-08-23,P003,1
S01482,2026-06-17,P001,2
S01483,2026-06-14,P007,5
S01484,2026-08-01,P010,4
S01485,2026-06-24,P010,4
S01486,2026-07-16,P010,1
S01487,2026-08-27,P003,4
S01488,2026-08-02,P002,4
S01489,2026-07-27,P001,1
S01490,2026-07-04,P006,1
S01491,2026-08-26,P009,5
S01492,2026-08-12,P004,3
S01493,2026-08-06,P009,5
S01494,2026-06-13,P007,2
S01495,2026-08-01,P006,4
S01496,2026-06-20,P009,5
S01497,2026-06-07,P001,2
S01498,2026-08-04,P008,4
S01499,2026-06-22,P002,4
S01500,2026-07-12,P004,3
